nome,idade,sexo,treina,altura,peso,tipo_corpo
Toma,89,F,true,1.88,245.73,Mesomorfo
Emelita,65,F,true,1.87,117.42,Mesomorfo
Ephraim,75,M,true,1.86,210.93,Endomorfo
Wendie,97,F,true,1.96,249.32,Endomorfo
Igor,57,M,false,1.87,85.95,Ectomorfo
Stirling,66,M,false,1.42,127.31,Ectomorfo
Griffin,103,M,true,1.46,143.59,Mesomorfo
Elora,36,F,true,1.89,131.07,Mesomorfo
Elfreda,18,F,true,1.54,215.63,Mesomorfo
Sauveur,47,M,true,1.59,107.23,Ectomorfo
Hester,70,F,true,1.85,133.69,Ectomorfo
Lloyd,50,M,false,1.68,31.83,Endomorfo
Inesita,90,F,false,1.86,95.58,Endomorfo
Gennie,27,F,true,1.64,216.87,Endomorfo
Lily,72,F,false,1.93,122.66,Mesomorfo
Brooks,91,F,true,1.67,155.2,Mesomorfo
Daloris,58,F,false,1.82,172.16,Ectomorfo
Jerry,57,M,false,1.65,88.39,Mesomorfo
Maxim,35,M,false,2.02,110.02,Endomorfo
Reed,96,M,false,1.37,156.23,Endomorfo
Georgine,59,F,false,1.46,101.02,Endomorfo
Waverly,71,M,true,1.74,57.7,Endomorfo
Lenard,20,M,false,1.98,61.75,Mesomorfo
Pam,49,F,false,1.93,186.78,Endomorfo
Danice,82,F,true,1.82,226.97,Mesomorfo
Connie,51,F,false,1.94,203.64,Mesomorfo
Sly,109,M,false,1.31,172.74,Mesomorfo
Marcile,31,F,true,1.47,146.32,Endomorfo
Raddy,31,M,false,1.53,183.37,Mesomorfo
Curtis,65,M,false,1.61,146.16,Endomorfo
Issi,86,F,false,1.58,137.91,Mesomorfo
Elli,15,F,false,1.79,46.4,Mesomorfo
Devy,68,M,false,1.97,235.8,Ectomorfo
Tomaso,102,M,false,1.34,216.8,Endomorfo
Daisie,50,F,false,2.08,58.81,Endomorfo
Angel,48,F,false,1.48,67.99,Mesomorfo
Shandy,17,F,true,1.47,89.18,Ectomorfo
Fitz,84,M,true,1.53,67.04,Ectomorfo
Nicolis,36,M,false,1.98,246.21,Endomorfo
Katerina,105,F,false,1.35,214.62,Ectomorfo
Pandora,82,F,true,2.04,61.17,Ectomorfo
Fredric,26,M,true,1.34,106.42,Ectomorfo
Timmie,19,M,false,1.4,45.83,Mesomorfo
Weber,90,M,true,1.8,201.78,Ectomorfo
Sallee,79,F,false,1.67,47.82,Mesomorfo
Maribeth,30,F,true,1.86,84.28,Ectomorfo
Hamilton,97,M,true,2.08,119.72,Ectomorfo
Rafaela,75,F,true,2.06,118.67,Endomorfo
Bert,61,M,false,1.56,165.05,Endomorfo
Norri,51,F,true,1.78,232.28,Mesomorfo
Anna-diana,87,F,true,1.74,90.1,Mesomorfo
Burch,53,M,false,1.39,151.18,Mesomorfo
Lief,39,M,false,1.88,214.1,Endomorfo
See,29,M,true,1.99,216.34,Ectomorfo
Ted,86,M,true,1.58,78.86,Ectomorfo
North,80,M,false,2.05,211.08,Endomorfo
Anastasie,46,F,false,1.56,150.15,Endomorfo
Kriste,18,F,false,1.82,63.93,Endomorfo
Hedwig,43,F,false,1.48,158.05,Ectomorfo
Marlin,59,M,false,1.73,243.51,Endomorfo
Andros,72,M,false,1.8,175.74,Endomorfo
Ozzy,64,M,false,1.9,80.5,Mesomorfo
Ursala,64,F,false,1.75,117.98,Endomorfo
Grace,94,M,true,1.51,232.03,Mesomorfo
Chariot,35,M,false,1.35,125.03,Ectomorfo
Warden,24,M,false,1.72,223.61,Endomorfo
Tamarra,66,F,true,1.88,197.55,Endomorfo
Aldous,109,M,false,1.42,83.52,Endomorfo
Erica,59,F,true,1.54,127.31,Ectomorfo
Ogdon,101,M,true,1.33,157.11,Endomorfo
Steffane,98,F,true,2.08,219.95,Ectomorfo
Jeddy,48,M,true,1.61,216.61,Endomorfo
Lotty,106,F,true,1.82,42.15,Endomorfo
Cary,81,M,true,1.9,36.39,Endomorfo
Leola,28,F,true,1.81,110.87,Mesomorfo
Yancey,83,M,false,1.74,218.46,Mesomorfo
Free,51,M,false,1.73,120.68,Endomorfo
Lemmy,63,M,true,1.65,138.69,Mesomorfo
Juliet,85,F,false,1.58,163.63,Ectomorfo
Kellby,77,M,true,2.04,167.52,Ectomorfo
Nora,33,F,false,1.81,69.2,Endomorfo
Pamela,34,F,true,1.7,196.39,Mesomorfo
Saunderson,44,M,false,1.32,122.43,Mesomorfo
Bernelle,84,F,false,1.54,84.33,Mesomorfo
Emera,69,F,false,1.98,137.02,Ectomorfo
Cynthie,51,F,false,1.44,215.12,Ectomorfo
Stesha,32,F,true,1.82,102.67,Endomorfo
Jimmy,24,M,true,1.75,83.22,Ectomorfo
Christy,94,M,true,1.51,202.02,Mesomorfo
Roarke,64,M,false,1.66,82.17,Ectomorfo
Darcee,49,F,true,2.03,158.79,Mesomorfo
Chancey,78,M,true,1.97,55.37,Endomorfo
Doy,93,M,true,1.59,125.87,Ectomorfo
Sissie,97,F,true,1.8,110.98,Mesomorfo
Luelle,59,F,true,1.43,162.28,Ectomorfo
Amie,15,F,false,2.06,123.54,Mesomorfo
Gustavo,79,M,false,1.97,48.29,Ectomorfo
Ilse,64,F,true,1.81,80.8,Endomorfo
Roth,28,M,true,1.63,212.12,Endomorfo
Dulcia,110,F,false,1.41,62.38,Ectomorfo
Mel,41,M,true,1.7,192.11,Mesomorfo
Samuele,31,M,false,1.92,43.97,Mesomorfo
Nicoli,90,F,false,1.75,34.55,Endomorfo
Redford,18,M,true,2.01,214.11,Mesomorfo
Danyette,31,F,true,1.95,183.17,Mesomorfo
Ardra,42,F,false,1.54,240.03,Endomorfo
Giorgio,82,M,false,1.93,246.01,Mesomorfo
Jayme,96,M,true,1.86,132.83,Mesomorfo
Guthrey,74,M,true,1.67,183.36,Endomorfo
Perle,70,F,false,1.58,108.32,Mesomorfo
Windham,72,M,false,1.37,132.82,Endomorfo
Waylon,96,M,true,1.67,91.83,Endomorfo
Mario,29,M,false,1.82,183.05,Mesomorfo
Irene,15,F,true,1.57,87.07,Ectomorfo
Grayce,106,F,true,1.51,32.6,Ectomorfo
Jae,82,M,false,1.93,139.99,Endomorfo
Warner,65,M,false,1.36,111.87,Ectomorfo
Antoinette,48,F,true,1.89,91.86,Endomorfo
Grissel,48,F,true,1.61,114.06,Ectomorfo
Libbey,48,F,true,1.95,247.93,Mesomorfo
Wolfgang,30,M,false,1.91,200.24,Ectomorfo
Dottie,62,F,false,1.37,172.18,Endomorfo
Allyce,72,F,false,2.06,30.05,Endomorfo
Ricardo,54,M,true,1.9,58.33,Mesomorfo
Renell,36,F,true,1.92,160.98,Ectomorfo
Alexandra,43,F,false,1.91,37.27,Ectomorfo
Jobina,88,F,true,1.75,226.68,Mesomorfo
Amie,101,F,true,1.79,225.34,Ectomorfo
Deloria,104,F,true,1.58,192.58,Endomorfo
Ester,74,F,true,1.79,73.51,Ectomorfo
Gasper,52,M,false,1.66,48.15,Mesomorfo
Blair,89,M,true,2.08,239.95,Mesomorfo
Adler,64,M,true,1.94,192.06,Ectomorfo
Karlens,36,M,false,1.45,220.3,Endomorfo
Jarrad,72,M,false,1.32,236.36,Ectomorfo
Jodie,84,M,false,1.44,50.33,Mesomorfo
Rasia,35,F,true,1.94,108.61,Endomorfo
Stirling,88,M,false,2.05,209.23,Ectomorfo
Clemmy,84,M,false,1.33,155.18,Ectomorfo
Baily,95,M,true,1.55,40.23,Ectomorfo
Liuka,82,F,true,1.56,212.3,Mesomorfo
Ty,102,M,true,1.65,239.38,Mesomorfo
Neville,34,M,false,1.96,103.08,Mesomorfo
Blake,71,M,true,1.68,207.67,Ectomorfo
Breena,16,F,true,2.01,221.23,Endomorfo
Meggy,68,F,true,1.94,37.14,Endomorfo
Melody,100,F,false,1.38,182.87,Ectomorfo
Betta,109,F,false,1.51,98.9,Mesomorfo
Joya,44,F,true,2.08,173.62,Mesomorfo
Marcela,29,F,true,1.69,240.35,Ectomorfo
Virge,110,M,true,1.67,51.03,Mesomorfo
Dionis,43,F,true,1.87,56.43,Mesomorfo
Ellswerth,98,M,true,1.32,43.78,Endomorfo
Hannie,98,F,false,1.38,80.32,Ectomorfo
Emmet,21,M,false,1.69,235.66,Mesomorfo
Alfonso,26,M,true,2.06,66.8,Ectomorfo
Park,53,M,true,1.55,87.39,Mesomorfo
Calli,39,F,false,1.56,212.92,Ectomorfo
Hedvig,23,F,false,2.06,222.36,Mesomorfo
Easter,35,F,false,1.67,218.63,Mesomorfo
Aharon,63,M,true,2.08,245.83,Ectomorfo
Pauline,28,F,true,1.62,132.97,Ectomorfo
Nonna,50,F,false,1.96,221.86,Ectomorfo
Ruttger,98,M,false,1.53,178.93,Endomorfo
Gibby,48,M,false,1.93,110.64,Endomorfo
Alfie,16,F,true,1.65,45.98,Ectomorfo
Charlotte,86,F,false,1.6,104.71,Ectomorfo
Beverlie,16,F,true,1.87,78.31,Ectomorfo
Barnaby,103,M,true,1.66,151.79,Ectomorfo
Fin,80,M,false,1.46,47.41,Endomorfo
Lilith,88,F,true,1.71,173.63,Mesomorfo
Tris,66,M,true,1.66,176.78,Ectomorfo
Harrie,108,F,true,1.37,150.36,Endomorfo
Jacky,87,F,true,1.71,43.58,Endomorfo
Nariko,43,F,true,1.72,68.63,Mesomorfo
Tessa,69,F,true,1.58,97.97,Ectomorfo
Hagan,86,M,false,2.01,170.84,Ectomorfo
Cammy,66,M,true,1.39,200.87,Endomorfo
Sigfried,34,M,false,1.33,107.29,Endomorfo
Felicia,50,F,false,1.72,123.84,Mesomorfo
Tori,62,F,true,1.84,77.38,Ectomorfo
Marlyn,33,F,false,1.35,107.23,Mesomorfo
Felecia,31,F,true,1.53,114.31,Endomorfo
Leann,33,F,true,2.02,209.84,Ectomorfo
Louella,61,F,false,1.73,179.06,Mesomorfo
Isis,79,F,false,1.44,55.92,Ectomorfo
Forster,47,M,true,1.52,91.21,Mesomorfo
Edgard,69,M,true,1.58,201.26,Ectomorfo
Rolland,86,M,true,1.82,245.89,Mesomorfo
Julio,97,M,true,1.45,113.76,Endomorfo
Elisabet,92,F,false,1.35,188.9,Ectomorfo
Yorgos,86,M,false,1.72,73.84,Mesomorfo
Edd,55,M,false,1.67,165.52,Endomorfo
Georgy,62,M,true,1.39,112.41,Ectomorfo
Lory,81,F,false,1.33,110.66,Ectomorfo
Bat,96,M,true,1.62,62.77,Ectomorfo
Eliot,48,M,false,1.74,87.03,Endomorfo
Byran,110,M,true,1.36,98.19,Ectomorfo
Thorvald,93,M,true,1.5,225.16,Ectomorfo
Mike,21,M,false,1.57,180.78,Ectomorfo
Ettore,24,M,false,1.7,115.9,Endomorfo
Rodolph,81,M,false,1.67,131.2,Mesomorfo
Lucina,41,F,false,1.93,234.1,Endomorfo
Andria,54,F,true,1.95,195.24,Mesomorfo
Cristian,94,M,false,2.04,208.17,Mesomorfo
Rozanna,77,F,false,1.7,211.74,Endomorfo
Humfrid,55,M,false,1.5,106.55,Mesomorfo
Alfons,64,M,false,1.49,129.59,Mesomorfo
Sam,45,M,true,1.51,85.97,Endomorfo
Roobbie,15,F,true,1.89,112.1,Endomorfo
Dyana,104,F,false,1.79,41.22,Endomorfo
Merilee,22,F,false,1.78,110.99,Mesomorfo
Barney,105,M,false,1.8,91.41,Mesomorfo
Bobbette,85,F,true,1.58,218.87,Ectomorfo
Alanson,39,M,false,2.08,199.31,Mesomorfo
Elliot,28,M,true,1.69,209.13,Endomorfo
Noak,51,M,false,1.6,61.69,Mesomorfo
Herculie,107,M,false,1.45,204.37,Mesomorfo
Aubine,59,F,true,1.35,159.45,Mesomorfo
Shelton,53,M,true,1.98,213.78,Endomorfo
Gayleen,67,F,false,1.57,145.36,Endomorfo
Cleavland,95,M,false,1.39,225.05,Ectomorfo
Milo,29,M,false,1.31,204.54,Ectomorfo
Clayton,44,M,false,1.99,94.33,Mesomorfo
Johnath,87,F,false,1.43,243.41,Endomorfo
Lisbeth,94,F,true,1.49,95.83,Ectomorfo
Correna,92,F,false,1.36,132.27,Endomorfo
Cristie,47,F,false,1.45,92.77,Endomorfo
Ode,95,M,true,1.89,208.92,Ectomorfo
Manuel,107,M,true,2.0,43.02,Mesomorfo
Hussein,87,M,false,1.48,190.39,Ectomorfo
Trip,68,M,true,1.84,57.03,Ectomorfo
Mart,48,M,false,1.63,242.66,Endomorfo
Benton,45,M,false,1.91,175.71,Endomorfo
Susanetta,39,F,false,2.01,218.05,Mesomorfo
Gustave,100,M,false,1.6,44.79,Mesomorfo
Ruben,62,M,true,1.8,91.24,Endomorfo
Sophronia,90,F,false,1.87,218.33,Endomorfo
Michal,54,F,false,1.45,117.8,Endomorfo
Deva,78,F,false,1.75,172.61,Ectomorfo
Malvina,78,F,false,2.08,164.54,Endomorfo
Herculie,101,M,false,1.66,206.41,Ectomorfo
Phylys,91,F,true,1.41,160.36,Ectomorfo
Mitchael,16,M,true,2.1,137.64,Endomorfo
Adore,50,F,true,1.39,201.22,Ectomorfo
Winni,22,F,false,1.81,201.93,Mesomorfo
Dulcia,91,F,true,1.64,246.54,Endomorfo
Ruy,71,M,true,1.35,123.83,Mesomorfo
Chancey,92,M,true,2.01,123.48,Mesomorfo
Roze,100,F,true,1.34,81.78,Ectomorfo
Killy,93,M,false,1.58,115.59,Mesomorfo
Nester,98,M,true,1.62,53.84,Mesomorfo
Jania,56,F,false,1.91,44.78,Endomorfo
Bernelle,104,F,false,1.43,169.72,Endomorfo
Lorne,43,F,true,1.74,154.42,Mesomorfo
Bell,84,F,true,1.57,158.29,Endomorfo
Chicky,109,F,true,1.31,142.48,Endomorfo
Conan,40,M,true,1.59,84.27,Endomorfo
Martin,19,M,true,1.87,230.5,Endomorfo
Stanislas,86,M,true,1.85,159.15,Endomorfo
Beatrisa,82,F,true,1.53,59.91,Ectomorfo
Jamesy,107,M,false,1.46,242.35,Ectomorfo
Bryce,19,M,true,2.1,44.28,Endomorfo
Benedict,99,M,false,1.55,203.83,Endomorfo
Nonah,83,F,false,1.93,223.8,Ectomorfo
Nonie,28,F,false,1.71,45.96,Mesomorfo
Mina,22,F,false,1.99,247.4,Endomorfo
Arni,26,M,true,1.66,113.34,Ectomorfo
Kincaid,26,M,false,2.07,188.76,Endomorfo
Irita,78,F,true,1.51,241.71,Mesomorfo
Casie,105,F,false,1.44,130.53,Mesomorfo
Adele,60,F,true,1.94,246.82,Endomorfo
Estrellita,53,F,false,1.31,119.2,Ectomorfo
Thomasin,29,F,true,1.4,171.32,Endomorfo
Loren,99,M,true,1.51,83.11,Mesomorfo
Johnna,53,F,false,1.92,198.08,Endomorfo
Elmore,47,M,false,2.04,138.48,Mesomorfo
Tricia,80,F,false,1.8,51.02,Endomorfo
Pembroke,42,M,true,1.56,213.0,Mesomorfo
Paddie,43,M,true,2.04,162.21,Ectomorfo
Marsha,77,F,true,1.43,180.86,Endomorfo
Elva,21,F,true,1.55,168.67,Endomorfo
Nicoli,56,F,true,1.85,243.46,Ectomorfo
Levon,74,M,false,1.41,115.0,Endomorfo
Benji,61,M,false,1.95,112.19,Ectomorfo
Ferrell,110,M,false,2.0,157.69,Ectomorfo
Cesaro,73,M,true,1.95,64.43,Endomorfo
Ingar,24,M,false,2.01,80.69,Endomorfo
Melinda,44,F,true,1.35,37.8,Ectomorfo
Susann,34,F,true,1.62,65.14,Endomorfo
Josey,63,F,true,1.49,158.04,Ectomorfo
Giana,58,F,false,1.48,161.4,Mesomorfo
Wyatt,93,M,false,1.58,239.1,Mesomorfo
Beale,31,M,false,1.34,99.02,Ectomorfo
Antoni,27,M,false,1.3,130.41,Ectomorfo
Francis,104,M,true,1.36,190.88,Endomorfo
Jaquelyn,58,F,true,1.78,238.02,Mesomorfo
Page,103,M,false,2.03,156.51,Endomorfo
Viki,65,F,false,2.1,66.02,Ectomorfo
Nigel,71,M,false,1.94,176.18,Mesomorfo
Emmy,66,M,true,1.69,46.72,Ectomorfo
Walther,73,M,false,1.41,243.07,Endomorfo
Domenic,80,M,false,2.04,204.39,Endomorfo
Payton,58,M,true,1.51,93.76,Mesomorfo
Elwood,31,M,true,1.98,231.54,Endomorfo
Ginevra,81,F,true,1.64,98.6,Ectomorfo
Hamel,77,M,true,1.74,102.11,Mesomorfo
Fionnula,95,F,false,1.72,225.9,Mesomorfo
Amalie,66,F,true,1.97,160.73,Ectomorfo
Flossy,37,F,true,2.04,235.9,Ectomorfo
Bud,30,M,true,1.82,166.37,Ectomorfo
Keslie,63,F,false,1.83,62.61,Mesomorfo
Tonnie,56,M,false,2.01,74.51,Ectomorfo
Ermengarde,100,F,false,1.96,61.78,Ectomorfo
Claudelle,78,F,false,1.54,76.86,Mesomorfo
Rancell,87,M,true,1.68,205.18,Endomorfo
Constantia,96,F,false,1.57,34.83,Ectomorfo
Prinz,82,M,true,1.56,206.77,Endomorfo
Amye,32,F,false,1.52,192.0,Endomorfo
Helyn,102,F,true,1.65,135.39,Mesomorfo
Ugo,49,M,true,1.6,177.05,Mesomorfo
Britni,77,F,true,1.73,73.37,Mesomorfo
Gardner,26,M,true,1.59,89.89,Endomorfo
Garald,87,M,false,1.54,188.66,Mesomorfo
Prent,76,M,true,1.53,220.63,Ectomorfo
Diannne,60,F,false,2.08,204.34,Endomorfo
Alexis,23,M,true,1.37,32.29,Endomorfo
Alfons,40,M,false,1.55,155.16,Endomorfo
Werner,23,M,true,1.99,41.25,Mesomorfo
Felecia,80,F,true,1.44,41.72,Mesomorfo
Sharai,64,F,false,1.82,188.18,Endomorfo
Emmalee,70,F,true,2.1,199.53,Mesomorfo
Mercy,18,F,true,1.93,112.62,Endomorfo
Aimil,17,F,true,1.8,85.2,Endomorfo
Star,65,F,false,1.94,44.04,Endomorfo
Camila,102,F,true,1.96,182.36,Mesomorfo
Alistair,100,M,true,1.86,96.49,Mesomorfo
Dian,77,F,false,1.42,66.69,Endomorfo
Lonnie,83,M,false,1.97,143.35,Mesomorfo
Renae,84,F,true,1.31,54.46,Endomorfo
Ynes,41,F,true,1.42,37.35,Ectomorfo
Vito,77,M,true,1.79,144.3,Endomorfo
Camey,103,M,false,2.09,89.38,Mesomorfo
Hasty,54,M,true,1.38,152.78,Endomorfo
Carey,62,F,false,1.48,42.57,Mesomorfo
Mickie,76,M,true,1.43,51.72,Mesomorfo
Stefan,90,M,false,1.8,132.78,Endomorfo
Brendan,26,M,true,1.94,125.19,Endomorfo
Myrna,93,F,false,1.93,50.69,Endomorfo
Linn,76,M,false,1.67,143.3,Mesomorfo
Ameline,65,F,false,1.72,179.5,Ectomorfo
Arleen,45,F,false,1.81,202.22,Endomorfo
Nathalia,21,F,false,1.76,204.62,Endomorfo
Even,77,M,true,1.79,163.51,Endomorfo
Dante,15,M,true,1.38,76.78,Mesomorfo
Davine,37,F,true,1.64,108.78,Ectomorfo
Zorana,61,F,false,1.76,203.1,Mesomorfo
Christoph,63,M,true,1.72,184.78,Ectomorfo
Noah,75,M,true,1.43,192.2,Ectomorfo
Glynnis,33,F,false,1.85,111.53,Mesomorfo
Nye,41,M,true,1.37,162.12,Ectomorfo
Linea,46,F,true,1.54,233.84,Mesomorfo
Ulrika,55,F,true,1.66,212.84,Mesomorfo
Gino,17,M,false,1.89,55.63,Ectomorfo
Linette,107,F,false,1.9,187.51,Mesomorfo
Ingrim,56,M,true,1.47,102.12,Ectomorfo
Chryste,58,F,true,1.41,84.47,Mesomorfo
Glenn,84,F,true,1.86,216.49,Endomorfo
Eden,71,F,false,1.62,150.31,Ectomorfo
Tabbitha,15,F,false,1.7,227.18,Ectomorfo
Anders,100,M,false,1.34,165.15,Ectomorfo
Vin,40,F,false,1.7,167.3,Ectomorfo
Lorant,28,M,true,1.82,48.04,Ectomorfo
Ingeborg,94,F,false,1.66,195.05,Mesomorfo
Lynette,100,F,false,1.48,90.94,Endomorfo
Carrissa,99,F,true,1.97,74.83,Endomorfo
Obadias,107,M,false,1.88,243.73,Endomorfo
Chucho,46,M,false,1.99,205.47,Endomorfo
Artemis,72,M,false,1.52,67.9,Endomorfo
Eada,59,F,true,1.45,55.08,Endomorfo
Mort,46,M,false,1.63,111.75,Mesomorfo
Jakie,46,M,false,2.07,88.49,Endomorfo
Hanan,91,M,false,1.86,125.98,Ectomorfo
Shoshana,81,F,true,2.05,221.34,Mesomorfo
Massimiliano,70,M,false,1.71,89.9,Endomorfo
Pier,82,F,false,1.88,156.5,Mesomorfo
Dian,67,F,false,1.5,88.8,Mesomorfo
Rhetta,20,F,false,1.83,196.08,Ectomorfo
Wyatan,57,M,false,1.57,99.67,Ectomorfo
Oona,109,F,true,1.37,104.73,Ectomorfo
Cazzie,90,M,false,1.3,231.95,Endomorfo
Nealon,67,M,false,1.47,49.98,Ectomorfo
Emalee,64,F,true,2.09,120.35,Mesomorfo
Chastity,46,F,false,1.82,174.52,Ectomorfo
Dunc,86,M,false,1.99,51.62,Endomorfo
Alyse,66,F,true,1.7,47.78,Mesomorfo
Gary,43,M,true,1.5,168.36,Endomorfo
Standford,108,M,false,1.31,62.62,Endomorfo
Kelbee,44,M,true,1.38,230.4,Ectomorfo
Linda,29,F,false,1.59,115.86,Ectomorfo
Maurise,26,F,false,1.65,202.48,Endomorfo
Chas,86,M,false,1.48,158.43,Ectomorfo
Gerard,54,M,false,1.67,42.87,Mesomorfo
Montgomery,107,M,false,1.75,150.57,Mesomorfo
Garek,39,M,true,1.82,178.61,Ectomorfo
Bernetta,24,F,false,1.57,164.93,Mesomorfo
Rosanna,105,F,false,1.59,173.05,Endomorfo
Ebonee,38,F,true,1.5,85.44,Ectomorfo
Mae,108,F,false,1.6,105.89,Endomorfo
Roley,21,M,false,2.08,91.67,Ectomorfo
Dewie,81,M,true,2.08,118.91,Mesomorfo
Minne,106,F,false,2.06,173.53,Mesomorfo
Teddie,55,F,false,1.6,89.92,Mesomorfo
Kerk,38,M,false,1.95,180.32,Ectomorfo
Rhodie,107,F,false,2.09,153.65,Mesomorfo
Abdul,36,M,true,2.05,132.14,Ectomorfo
Romonda,81,F,true,1.81,194.84,Endomorfo
Ilysa,69,F,false,1.79,213.54,Ectomorfo
Margareta,93,F,true,1.55,177.66,Ectomorfo
Julia,107,F,false,1.84,108.65,Ectomorfo
Sydel,102,F,false,1.33,112.9,Ectomorfo
Greggory,51,M,false,1.64,219.16,Ectomorfo
Reeva,77,F,true,2.06,197.57,Endomorfo
Clerc,33,M,false,1.31,192.32,Ectomorfo
Shanan,95,M,false,1.69,240.8,Endomorfo
Ame,97,F,true,1.86,226.67,Mesomorfo
Weston,105,M,false,1.33,208.59,Mesomorfo
Meghan,67,F,true,1.45,106.86,Mesomorfo
Terrye,94,F,false,1.93,44.11,Endomorfo
Juan,89,M,true,1.71,195.62,Ectomorfo
Jammal,59,M,true,1.34,46.82,Ectomorfo
Costa,72,M,false,1.5,184.28,Ectomorfo
Ruttger,54,M,true,1.46,238.41,Mesomorfo
Emma,86,F,false,1.61,69.53,Ectomorfo
Berne,84,M,true,1.33,111.15,Mesomorfo
Sayres,79,M,true,1.39,156.12,Endomorfo
Dolli,38,F,false,1.5,114.09,Ectomorfo
Kinny,85,M,true,1.7,248.38,Ectomorfo
Fraze,44,M,false,1.92,178.62,Endomorfo
Riki,84,F,false,1.5,209.16,Mesomorfo
Reina,69,F,false,1.42,132.13,Ectomorfo
Betsey,79,F,true,1.67,49.04,Ectomorfo
Jorrie,27,F,false,1.6,205.78,Mesomorfo
Charmain,101,F,false,1.31,71.54,Ectomorfo
Suzy,36,F,true,1.34,229.58,Mesomorfo
Wilton,78,M,true,1.67,222.56,Ectomorfo
Moise,49,M,true,1.35,62.24,Mesomorfo
Charity,47,F,false,1.51,228.02,Mesomorfo
Bradan,73,M,true,2.05,121.78,Ectomorfo
Bob,62,M,false,1.81,78.43,Endomorfo
Belle,58,F,true,1.98,101.04,Ectomorfo
Herold,26,M,false,1.87,230.5,Endomorfo
Burk,72,M,false,1.88,219.37,Ectomorfo
Linus,110,M,false,1.68,143.87,Endomorfo
Winnah,40,F,false,1.32,70.15,Endomorfo
Harry,103,M,false,1.7,106.68,Ectomorfo
Cosimo,25,M,false,1.66,56.67,Endomorfo
Grace,74,F,false,1.86,79.77,Endomorfo
Evelina,26,F,false,1.82,208.93,Mesomorfo
Deloria,47,F,false,1.35,109.82,Ectomorfo
Maria,110,F,true,1.9,123.92,Endomorfo
Agathe,20,F,false,1.32,200.95,Endomorfo
Kaylee,72,F,false,1.94,54.41,Endomorfo
Emili,40,F,true,1.34,132.51,Mesomorfo
Mariquilla,32,F,true,1.99,36.66,Endomorfo
Rutledge,104,M,true,2.02,133.45,Endomorfo
Fallon,46,F,true,1.6,246.09,Ectomorfo
Mohandis,80,M,true,1.5,120.52,Ectomorfo
Ilka,73,F,false,1.31,51.59,Endomorfo
Aguste,75,M,false,1.44,211.0,Endomorfo
Chic,96,M,true,1.42,236.76,Endomorfo
Godfrey,98,M,true,1.58,217.59,Ectomorfo
Hermon,102,M,false,2.0,175.51,Endomorfo
Robby,105,M,false,1.44,100.37,Endomorfo
Ahmed,28,M,true,2.06,143.18,Endomorfo
Gusty,57,F,false,1.39,212.62,Mesomorfo
Vlad,91,M,false,1.53,92.1,Endomorfo
Adlai,61,M,false,1.61,184.29,Mesomorfo
Lee,105,M,false,1.51,92.76,Endomorfo
Theodore,76,M,true,1.36,181.83,Ectomorfo
Huey,27,M,true,1.72,90.78,Ectomorfo
Bridie,16,F,true,1.5,95.51,Ectomorfo
Anne,80,F,true,1.37,216.04,Ectomorfo
Byran,26,M,false,1.31,52.82,Ectomorfo
Alwin,74,M,true,1.78,116.42,Mesomorfo
Hayden,47,M,false,1.69,211.02,Mesomorfo
Sonny,45,M,false,1.99,165.47,Endomorfo
Isaiah,101,M,false,1.67,41.39,Endomorfo
Dalis,109,M,false,1.85,112.4,Endomorfo
Mandel,60,M,true,2.06,211.39,Endomorfo
Charlena,91,F,false,1.62,246.85,Endomorfo
Raimundo,23,M,true,1.63,169.44,Mesomorfo
Sibley,78,F,true,2.03,142.99,Mesomorfo
Barty,35,M,false,1.83,58.63,Mesomorfo
Hazel,18,F,true,1.78,64.47,Ectomorfo
Marj,38,F,false,1.54,52.47,Ectomorfo
Tynan,18,M,true,1.38,152.76,Ectomorfo
Selinda,44,F,true,1.65,54.13,Endomorfo
Ferdie,48,M,true,1.93,129.93,Mesomorfo
Gardner,98,M,false,1.6,247.06,Ectomorfo
Pattin,45,M,true,1.53,128.48,Endomorfo
Karna,77,F,false,2.09,228.02,Endomorfo
Pansie,55,F,true,1.98,165.67,Ectomorfo
Guillemette,39,F,true,1.39,138.82,Ectomorfo
Lou,74,M,true,2.05,189.04,Mesomorfo
Karisa,71,F,false,1.43,52.68,Mesomorfo
Esteban,34,M,true,1.95,107.37,Ectomorfo
Catha,65,F,false,1.57,240.64,Mesomorfo
Jen,106,F,false,1.47,118.74,Mesomorfo
Erastus,23,M,false,1.79,155.37,Ectomorfo
Hughie,52,M,true,1.97,204.72,Ectomorfo
Elisabetta,36,F,false,1.46,179.08,Ectomorfo
Husain,106,M,false,1.87,167.59,Endomorfo
Burnaby,19,M,true,1.73,76.08,Ectomorfo
Dory,53,M,true,1.46,93.26,Ectomorfo
Abner,22,M,false,2.06,175.64,Mesomorfo
Cale,60,M,true,1.67,162.81,Mesomorfo
Rodina,102,F,false,1.5,44.51,Ectomorfo
Lennard,95,M,false,1.54,32.69,Ectomorfo
Archambault,99,M,true,1.35,194.58,Ectomorfo
Celine,31,F,true,2.06,206.71,Ectomorfo
Wallas,90,M,true,1.35,216.78,Mesomorfo
Thebault,78,M,false,1.3,96.86,Ectomorfo
Stefano,28,M,true,1.95,39.6,Ectomorfo
Darda,87,F,true,1.48,57.77,Endomorfo
Ricky,85,F,false,1.84,225.46,Ectomorfo
Napoleon,51,M,false,2.09,108.76,Ectomorfo
Thomasine,75,F,false,1.85,218.91,Mesomorfo
Cindi,46,F,false,1.81,229.83,Mesomorfo
Urson,75,M,false,1.89,89.29,Mesomorfo
Kalil,27,M,false,2.02,96.84,Ectomorfo
Moe,109,M,true,1.31,138.44,Endomorfo
Salim,30,M,false,1.4,202.76,Mesomorfo
Rochette,46,F,true,1.61,175.95,Endomorfo
Lewie,71,M,true,2.09,81.93,Endomorfo
Ami,79,F,true,2.04,123.61,Mesomorfo
Amye,80,F,false,1.61,89.68,Ectomorfo
Yule,109,M,true,1.35,44.54,Ectomorfo
Elysia,72,F,false,2.09,139.85,Mesomorfo
Emiline,23,F,true,1.75,213.98,Endomorfo
Phylys,93,F,true,1.31,90.54,Mesomorfo
Luca,81,M,true,1.59,107.81,Ectomorfo
Chadwick,75,M,true,1.51,136.65,Ectomorfo
Riobard,28,M,false,2.08,234.23,Endomorfo
Conchita,93,F,false,1.91,45.69,Endomorfo
Barbara-anne,99,F,false,1.65,236.64,Endomorfo
Waldon,82,M,false,1.82,187.09,Mesomorfo
Iseabal,104,F,true,1.69,126.91,Mesomorfo
Ingmar,97,M,false,1.46,117.26,Endomorfo
Morley,29,M,true,1.86,46.26,Ectomorfo
Jo,75,M,false,1.87,203.54,Ectomorfo
Stanislas,60,M,false,1.58,121.1,Ectomorfo
Monica,79,F,true,2.08,202.44,Endomorfo
Tani,57,F,false,2.08,197.08,Endomorfo
Brenden,57,M,false,2.09,58.6,Ectomorfo
Daryn,16,F,false,1.61,219.29,Endomorfo
Morty,84,M,true,1.85,102.61,Mesomorfo
Alisun,32,F,false,1.55,149.7,Ectomorfo
Ring,24,M,false,1.68,203.54,Endomorfo
Roby,34,F,true,1.99,169.63,Mesomorfo
Major,86,M,true,2.0,85.09,Endomorfo
Corny,20,M,true,1.8,100.2,Mesomorfo
Faunie,107,F,false,1.47,85.91,Mesomorfo
Neddy,36,M,true,1.82,41.75,Mesomorfo
Aurelie,34,F,true,1.65,83.92,Mesomorfo
Rhodie,47,F,false,2.01,153.28,Endomorfo
Rhianna,88,F,true,1.99,135.33,Endomorfo
Theodore,24,M,true,1.4,40.27,Mesomorfo
Rollo,38,M,true,1.96,203.55,Mesomorfo
Pennie,20,M,false,2.08,146.94,Ectomorfo
Etan,35,M,false,1.57,37.02,Mesomorfo
Ailyn,16,F,true,1.42,49.64,Ectomorfo
Lorri,23,F,false,1.73,35.8,Mesomorfo
Delaney,18,M,true,1.31,40.27,Mesomorfo
Willamina,34,F,false,2.07,211.19,Ectomorfo
Allys,87,F,false,1.92,167.83,Mesomorfo
Cathee,67,F,true,1.71,237.53,Ectomorfo
Florian,104,M,true,2.09,198.23,Endomorfo
Lorena,26,F,false,1.98,87.45,Mesomorfo
Julian,99,M,true,1.38,137.18,Mesomorfo
Karalee,63,F,false,2.09,107.27,Mesomorfo
Clemence,62,F,true,1.73,177.84,Ectomorfo
Remington,65,M,true,1.86,223.65,Mesomorfo
Jamesy,87,M,false,2.1,218.72,Ectomorfo
Englebert,50,M,true,1.65,220.2,Endomorfo
Brandon,102,M,true,1.32,230.99,Mesomorfo
Giulia,74,F,false,1.37,115.01,Ectomorfo
Rosina,56,F,true,1.95,186.76,Mesomorfo
Matty,97,F,false,1.89,156.3,Ectomorfo
Artur,56,M,true,2.03,231.71,Mesomorfo
Jessalin,90,F,true,1.39,237.51,Endomorfo
Jeth,18,M,true,1.47,55.34,Mesomorfo
Randi,18,M,true,1.97,63.68,Ectomorfo
Jandy,36,F,false,1.31,124.98,Mesomorfo
Jedd,103,M,false,1.63,161.98,Mesomorfo
Catlin,16,F,true,1.86,90.7,Ectomorfo
Lancelot,35,M,false,1.87,172.42,Endomorfo
Diahann,55,F,true,1.36,149.84,Endomorfo
Susana,47,F,false,1.37,247.59,Ectomorfo
Valentijn,84,M,false,2.04,230.6,Endomorfo
Ileane,48,F,false,1.87,234.45,Mesomorfo
Dennis,66,M,false,1.68,102.05,Mesomorfo
Koressa,89,F,true,1.43,40.77,Mesomorfo
Skylar,19,M,true,1.99,168.03,Ectomorfo
Wendi,74,F,true,1.78,73.19,Endomorfo
Hollis,53,M,true,1.83,246.8,Mesomorfo
Barty,107,M,true,1.75,197.25,Mesomorfo
Stephine,49,F,true,1.81,79.4,Mesomorfo
Nero,51,M,false,1.79,216.94,Ectomorfo
Ewen,96,M,false,1.33,119.76,Mesomorfo
Maddie,25,F,false,1.42,117.91,Mesomorfo
Zacharias,64,M,true,1.55,121.45,Ectomorfo
Bart,21,M,true,1.74,122.94,Ectomorfo
Michael,78,M,false,1.44,110.92,Ectomorfo
Mindy,52,F,true,1.76,197.89,Endomorfo
Henry,29,M,false,1.6,238.19,Ectomorfo
Kaila,41,F,true,1.34,236.74,Endomorfo
Sandra,57,F,true,1.85,242.75,Endomorfo
Vinita,87,F,false,1.49,51.5,Mesomorfo
Sioux,52,F,false,1.77,160.72,Ectomorfo
Orelie,21,F,false,2.1,147.19,Ectomorfo
Verena,48,F,true,1.73,159.05,Ectomorfo
Prue,35,F,true,1.9,106.6,Ectomorfo
Rutter,75,M,true,1.71,192.0,Ectomorfo
Amity,22,F,false,1.84,39.53,Ectomorfo
Massimo,80,M,false,1.74,73.63,Mesomorfo
Nat,72,F,true,1.99,69.71,Mesomorfo
Boycie,83,M,true,1.5,214.1,Mesomorfo
Zabrina,21,F,true,1.86,74.17,Ectomorfo
Lelia,41,F,false,2.1,168.1,Ectomorfo
Peyter,36,M,false,1.47,73.17,Endomorfo
Ariel,104,F,false,2.0,80.7,Ectomorfo
Rianon,45,F,false,1.99,74.41,Ectomorfo
Malia,102,F,false,2.05,46.99,Mesomorfo
Sarena,75,F,true,1.42,216.04,Mesomorfo
Tommy,62,M,true,1.35,164.0,Mesomorfo
Catherin,67,F,false,2.08,230.08,Ectomorfo
Trever,32,M,true,1.94,134.69,Endomorfo
Bartolomeo,77,M,false,1.56,38.51,Endomorfo
Jeannie,53,F,true,1.43,67.93,Mesomorfo
Marjorie,93,F,false,1.84,59.65,Endomorfo
Harri,58,F,false,1.57,245.19,Ectomorfo
Francois,89,M,false,1.48,105.58,Mesomorfo
Ephraim,51,M,false,2.01,152.78,Endomorfo
Merv,17,M,false,1.79,184.9,Mesomorfo
Clive,98,M,true,1.93,96.18,Ectomorfo
Fremont,87,M,true,1.35,121.79,Mesomorfo
Polly,41,F,false,1.87,79.1,Endomorfo
Burnaby,26,M,false,1.66,51.95,Mesomorfo
Mead,89,M,true,2.04,119.51,Ectomorfo
Dannel,102,M,false,1.96,179.93,Mesomorfo
Myrtice,60,F,false,2.04,94.08,Mesomorfo
Stavro,53,M,true,1.57,95.94,Mesomorfo
Daloris,102,F,true,1.87,77.7,Ectomorfo
Gisele,42,F,false,2.06,92.67,Endomorfo
Hadley,75,M,false,1.66,196.95,Ectomorfo
Ayn,24,F,false,1.77,40.89,Ectomorfo
Kaylee,48,F,false,1.4,124.75,Endomorfo
Mickie,102,F,false,2.05,108.41,Mesomorfo
Saunderson,32,M,false,2.05,40.93,Mesomorfo
Corinna,44,F,false,1.83,246.17,Endomorfo
Con,73,M,true,1.58,181.13,Endomorfo
Charity,61,F,true,1.49,138.99,Endomorfo
Ebony,106,F,true,1.93,205.91,Ectomorfo
Shel,30,F,true,1.64,127.59,Ectomorfo
Chloette,23,F,true,1.99,36.6,Ectomorfo
Maressa,48,F,false,1.77,213.98,Mesomorfo
Christoph,25,M,true,1.34,170.38,Ectomorfo
Merell,88,M,true,1.44,202.64,Endomorfo
Hank,102,M,true,1.53,133.5,Mesomorfo
Garvy,37,M,true,1.78,54.24,Endomorfo
Bernie,48,M,false,1.42,53.71,Endomorfo
Nona,73,F,false,1.39,74.8,Mesomorfo
Cale,67,M,false,1.63,153.07,Mesomorfo
Kinny,48,M,false,1.89,202.52,Endomorfo
Burt,84,M,false,1.97,200.15,Endomorfo
Humphrey,98,M,false,1.74,103.72,Ectomorfo
Dominica,34,F,true,2.03,240.42,Ectomorfo
Uriah,61,M,true,1.82,142.8,Ectomorfo
Wallas,48,M,true,1.33,210.31,Ectomorfo
Gustavo,53,M,false,1.45,186.6,Ectomorfo
Jasmina,18,F,false,1.51,243.89,Endomorfo
Cameron,45,M,false,1.61,144.31,Mesomorfo
Hardy,33,M,false,1.32,203.1,Mesomorfo
Kaela,106,F,false,2.06,162.63,Ectomorfo
Freda,73,F,false,2.05,77.87,Ectomorfo
Sonia,82,F,true,1.84,145.85,Mesomorfo
Charles,15,M,true,1.36,79.21,Mesomorfo
Jaquenette,59,F,true,1.99,208.83,Endomorfo
Walton,36,M,true,1.58,61.11,Endomorfo
Agace,103,F,false,1.57,59.13,Mesomorfo
Rania,98,F,true,1.69,135.89,Endomorfo
Daryn,44,F,true,2.04,171.32,Mesomorfo
Jory,90,M,true,2.07,122.65,Ectomorfo
Franciskus,73,M,true,1.94,150.96,Mesomorfo
Delainey,32,M,true,1.68,209.39,Mesomorfo
Ezra,85,M,true,1.9,96.1,Mesomorfo
Fleming,97,M,false,1.83,154.69,Endomorfo
Crystal,64,F,false,1.34,52.99,Mesomorfo
Ly,104,M,true,1.62,138.38,Endomorfo
Winston,57,M,false,1.95,242.35,Ectomorfo
Walton,95,M,false,1.31,195.86,Mesomorfo
Susette,28,F,true,1.54,195.15,Endomorfo
Ilise,66,F,true,1.71,52.49,Ectomorfo
Quinn,81,M,true,1.48,83.07,Mesomorfo
Petronilla,20,F,true,1.4,176.19,Mesomorfo
Mata,41,M,true,2.08,236.3,Mesomorfo
Con,93,F,true,2.08,207.22,Endomorfo
Brod,65,M,false,1.85,190.51,Mesomorfo
Terra,64,F,true,1.96,91.65,Endomorfo
Jacklin,42,F,true,1.54,134.47,Endomorfo
Sandy,104,M,true,1.7,35.22,Ectomorfo
Mureil,50,F,true,1.74,92.48,Ectomorfo
Jefferey,74,M,false,1.56,193.62,Mesomorfo
Jacinthe,39,F,false,1.51,173.34,Ectomorfo
Odilia,84,F,false,1.32,168.47,Endomorfo
Todd,108,M,false,1.6,246.31,Mesomorfo
Cortney,94,F,false,2.01,158.24,Ectomorfo
Ellis,80,M,true,1.36,133.81,Endomorfo
Lexine,100,F,false,1.62,36.34,Ectomorfo
Georgina,99,F,false,1.78,88.15,Endomorfo
Micaela,79,F,false,1.46,234.27,Endomorfo
Babbette,42,F,true,1.31,65.49,Mesomorfo
Shurlock,84,M,false,2.07,62.46,Ectomorfo
Cobb,56,M,true,1.67,156.05,Ectomorfo
Demetre,68,M,false,1.37,57.28,Ectomorfo
Emmy,110,M,true,2.06,99.0,Ectomorfo
Chaddie,26,M,false,1.3,65.98,Ectomorfo
Blythe,90,F,false,1.79,152.82,Ectomorfo
Isobel,78,F,false,1.73,234.79,Endomorfo
Myrilla,57,F,true,2.02,101.25,Ectomorfo
Paddy,110,M,true,1.55,190.56,Mesomorfo
Rozalin,16,F,true,2.05,192.14,Endomorfo
Poppy,40,F,false,1.88,162.37,Endomorfo
Jacinthe,26,F,true,1.79,140.37,Mesomorfo
Garry,19,M,true,1.62,79.27,Mesomorfo
Bronson,29,M,true,1.64,188.74,Endomorfo
Farand,40,F,false,2.06,243.01,Endomorfo
Isaak,18,M,false,2.03,103.98,Mesomorfo
Jeddy,100,M,false,2.02,83.35,Mesomorfo
Boyce,39,M,false,1.49,207.31,Mesomorfo
Rollin,93,M,true,1.96,99.4,Ectomorfo
Xylina,109,F,false,1.87,131.39,Mesomorfo
Fidelio,82,M,false,2.06,135.2,Ectomorfo
Reinaldos,102,M,true,1.32,157.98,Mesomorfo
Kynthia,52,F,true,1.97,47.75,Ectomorfo
Laurie,35,M,true,1.51,110.7,Mesomorfo
Toiboid,84,M,true,1.85,100.75,Endomorfo
Henrietta,27,F,false,1.44,199.3,Mesomorfo
Luca,74,M,true,1.62,82.29,Ectomorfo
Yuma,67,M,true,2.04,200.8,Mesomorfo
Marys,33,F,false,1.9,60.43,Mesomorfo
Omero,66,M,false,1.42,128.35,Endomorfo
Leupold,49,M,false,1.85,230.29,Endomorfo
Hermann,110,M,false,1.82,39.52,Mesomorfo
Eberhard,58,M,true,1.41,171.82,Mesomorfo
Charleen,71,F,false,1.69,34.53,Mesomorfo
Pippy,16,F,false,1.62,89.62,Ectomorfo
Reagen,76,M,true,1.39,188.53,Mesomorfo
Bartel,48,M,true,1.44,78.11,Ectomorfo
Audrie,15,F,true,1.98,75.24,Mesomorfo
Rubin,37,M,true,1.85,248.85,Ectomorfo
Haroun,90,M,false,1.4,75.33,Mesomorfo
Dasie,35,F,true,1.89,231.22,Ectomorfo
Jilli,101,F,false,1.67,245.14,Endomorfo
Hermann,84,M,false,1.68,45.88,Mesomorfo
Armand,71,M,false,1.84,88.2,Ectomorfo
Jacques,26,M,false,1.32,120.21,Ectomorfo
Sayres,80,M,false,1.91,234.35,Endomorfo
Des,51,M,true,1.88,216.1,Ectomorfo
Kimberly,64,F,false,2.01,131.05,Ectomorfo
Klarika,108,F,true,1.84,180.56,Mesomorfo
Grange,39,M,true,1.35,152.12,Endomorfo
Claudie,97,F,true,1.53,136.45,Ectomorfo
Gordon,74,M,true,1.81,81.45,Ectomorfo
Jewel,37,F,false,2.03,206.62,Endomorfo
Miriam,56,F,true,1.69,73.64,Ectomorfo
Wilbert,95,M,true,1.31,240.96,Mesomorfo
Fitz,101,M,true,1.56,132.46,Ectomorfo
Morgen,98,M,false,1.88,120.32,Mesomorfo
Jonas,82,M,true,1.92,232.44,Mesomorfo
Jonis,24,F,true,1.83,173.72,Endomorfo
Thorndike,28,M,true,1.67,122.88,Endomorfo
Fred,50,M,true,1.37,213.02,Ectomorfo
Kean,92,M,true,1.52,142.21,Mesomorfo
Jessalyn,84,F,true,1.73,106.49,Endomorfo
Antony,25,M,false,1.91,124.45,Endomorfo
Darcey,91,F,false,1.73,121.65,Endomorfo
Susanetta,77,F,false,1.88,182.86,Endomorfo
Conni,78,F,true,2.03,231.08,Endomorfo
Waldon,59,M,false,1.63,198.93,Endomorfo
Annalise,29,F,false,1.76,102.22,Endomorfo
Hillary,48,F,false,1.74,203.53,Mesomorfo
Hyman,17,M,true,1.84,105.38,Ectomorfo
Delcina,53,F,true,2.03,93.77,Mesomorfo
Debby,103,F,false,1.95,214.71,Mesomorfo
Brandon,81,M,true,1.87,76.91,Ectomorfo
Juanita,45,F,false,1.72,192.22,Mesomorfo
Hurley,96,M,false,1.7,232.54,Ectomorfo
Katlin,106,F,true,1.9,216.47,Mesomorfo
Garey,54,M,false,2.01,201.88,Endomorfo
Joann,46,F,true,1.55,222.48,Endomorfo
Charley,60,M,false,1.37,202.22,Endomorfo
Haze,68,M,false,1.78,140.13,Mesomorfo
Mervin,18,M,false,1.57,200.5,Ectomorfo
Theo,37,F,false,1.92,170.21,Mesomorfo
Hermie,39,M,true,1.55,107.39,Endomorfo
Patricia,63,F,true,1.81,122.57,Ectomorfo
Biddie,69,F,true,1.66,158.01,Ectomorfo
Seymour,49,M,false,1.46,139.07,Mesomorfo
Annnora,60,F,true,2.05,173.37,Mesomorfo
Adore,78,F,true,1.99,60.87,Endomorfo
Ryun,51,M,true,1.43,221.01,Endomorfo
Padraic,62,M,false,1.71,49.99,Ectomorfo
Kassey,15,F,true,1.83,159.07,Ectomorfo
Valeda,84,F,true,2.0,43.02,Ectomorfo
Ethelda,18,F,false,1.7,66.58,Mesomorfo
Kristal,86,F,false,1.65,163.7,Endomorfo
Nanette,24,F,false,1.74,98.17,Mesomorfo
Denis,29,M,true,1.85,188.51,Endomorfo
Shane,86,F,false,1.65,211.13,Ectomorfo
Jens,85,M,true,1.79,143.82,Ectomorfo
Briggs,39,M,true,1.81,99.99,Endomorfo
Lenore,101,F,false,1.87,142.14,Mesomorfo
Chrysa,102,F,false,1.91,212.66,Mesomorfo
Ernesta,104,F,true,1.4,166.08,Endomorfo
Wallace,61,M,false,1.37,81.69,Mesomorfo
Ilka,86,F,true,1.45,114.5,Ectomorfo
Hakeem,81,M,true,1.9,68.87,Endomorfo
Marena,87,F,true,1.37,128.19,Mesomorfo
Ansell,28,M,true,1.64,86.95,Endomorfo
Micheil,100,M,false,1.69,102.69,Endomorfo
Gabbie,104,F,true,1.53,36.73,Endomorfo
Trenna,47,F,true,1.87,43.56,Endomorfo
Martha,21,F,false,1.82,230.15,Endomorfo
Zachary,78,M,false,1.45,196.6,Ectomorfo
Cody,91,M,false,1.81,76.65,Mesomorfo
Walt,71,M,false,1.4,142.01,Endomorfo
Laurens,110,M,false,1.41,184.48,Ectomorfo
Sampson,22,M,false,2.05,74.45,Endomorfo
Traver,65,M,true,1.62,77.78,Endomorfo
Clarice,83,F,true,1.38,42.15,Ectomorfo
Lee,46,M,true,2.0,241.99,Mesomorfo
Lorelle,46,F,false,1.66,96.07,Mesomorfo
Nanete,65,F,false,1.76,48.83,Ectomorfo
Torrey,69,M,true,1.54,124.29,Mesomorfo
Cody,19,M,false,2.05,147.9,Mesomorfo
Morton,29,M,false,1.65,165.6,Endomorfo
Stephani,83,F,false,1.61,83.76,Endomorfo
Manolo,35,M,true,1.38,43.71,Ectomorfo
Silvain,95,M,true,1.67,179.69,Mesomorfo
Jess,33,M,true,1.86,62.61,Ectomorfo
Netti,99,F,true,1.46,110.08,Endomorfo
Prescott,50,M,false,1.81,86.37,Mesomorfo
Tomasine,110,F,true,1.52,120.26,Endomorfo
Mabel,82,F,true,1.84,173.98,Mesomorfo
Lin,55,M,true,1.85,207.43,Mesomorfo
Nicolais,80,M,false,2.08,224.44,Endomorfo
Leigha,81,F,false,1.85,103.85,Mesomorfo
Steffen,29,M,true,1.92,82.97,Endomorfo
Silvia,62,F,true,1.35,242.62,Endomorfo
Lesya,63,F,true,1.73,228.43,Ectomorfo
Davy,109,M,false,1.52,32.44,Ectomorfo
Harlin,35,M,true,2.07,236.79,Endomorfo
Erwin,74,M,false,1.72,130.21,Endomorfo
Brand,65,M,true,1.73,31.09,Endomorfo
Arni,27,M,false,1.86,189.08,Ectomorfo
Estele,27,F,true,1.44,234.44,Endomorfo
Drona,93,F,true,1.58,200.68,Endomorfo
Walt,70,M,false,2.07,101.72,Ectomorfo
Saunderson,88,M,false,1.8,227.1,Endomorfo
Marci,90,F,true,1.93,219.78,Ectomorfo
Ciro,103,M,false,1.88,204.1,Mesomorfo
Klaus,70,M,true,1.99,106.81,Mesomorfo
Aridatha,25,F,true,1.35,208.51,Ectomorfo
Gnni,63,F,false,1.88,75.45,Mesomorfo
Ileane,92,F,true,1.57,218.92,Ectomorfo
Cristy,75,F,true,1.54,86.12,Mesomorfo
Taylor,39,M,true,1.56,108.49,Endomorfo
Fidelio,69,M,false,1.66,51.1,Endomorfo
Joanne,99,F,true,1.95,99.71,Endomorfo
Bellanca,18,F,false,1.68,159.77,Mesomorfo
Fabio,101,M,true,1.84,230.74,Ectomorfo
Ara,67,M,false,1.52,51.51,Endomorfo
Eadmund,73,M,false,1.73,38.69,Endomorfo
Boigie,22,M,false,1.92,117.84,Ectomorfo
Lyda,53,F,false,1.39,171.3,Endomorfo
Shell,19,F,true,1.64,234.39,Endomorfo
Byrom,69,M,false,2.0,117.44,Ectomorfo
Meaghan,92,F,false,2.09,237.86,Ectomorfo
Tarra,87,F,true,1.78,153.2,Ectomorfo
Sandro,52,M,false,2.08,103.99,Ectomorfo
Kippy,57,F,false,1.42,55.07,Ectomorfo
Randolf,45,M,false,1.82,66.51,Ectomorfo
Irv,53,M,true,1.8,121.88,Mesomorfo
Codee,85,F,true,1.55,77.98,Mesomorfo
Joby,96,F,false,2.02,188.59,Mesomorfo
Elbertine,67,F,false,2.03,62.52,Mesomorfo
Neysa,67,F,false,1.77,70.14,Mesomorfo
Joycelin,22,F,false,1.47,108.2,Ectomorfo
Alain,94,M,false,1.57,141.45,Endomorfo
Darlleen,39,F,true,2.07,72.2,Endomorfo
Mela,41,F,false,1.66,239.95,Mesomorfo
Adolph,70,M,false,1.61,227.6,Ectomorfo
Rochella,53,F,true,2.0,127.22,Endomorfo
Corliss,35,F,true,1.72,112.92,Ectomorfo
Ingar,69,M,true,1.83,201.86,Endomorfo
Birdie,75,F,true,2.03,154.54,Endomorfo
Malena,103,F,true,1.48,32.27,Ectomorfo
Maximo,94,M,true,1.59,74.05,Endomorfo
Corny,33,M,false,1.68,138.19,Endomorfo
Storm,110,F,false,2.03,69.16,Mesomorfo
Raddie,80,M,true,1.38,84.16,Mesomorfo
Ethelind,47,F,false,1.76,75.5,Ectomorfo
Jessi,43,F,false,1.45,176.22,Mesomorfo
Dorree,40,F,true,1.73,98.1,Mesomorfo
Byrom,19,M,true,1.6,86.56,Endomorfo
Dosi,99,F,true,1.49,148.06,Mesomorfo
Suzi,38,F,false,2.05,86.58,Mesomorfo
Barry,97,M,true,2.03,236.64,Mesomorfo
Donall,31,M,false,1.88,206.63,Endomorfo
Dori,26,F,false,1.96,238.8,Endomorfo
Sibylla,17,F,false,1.59,139.29,Mesomorfo
Wake,25,M,true,1.31,181.84,Mesomorfo
Lester,105,M,true,1.66,113.57,Ectomorfo
Grantley,100,M,true,1.63,172.98,Endomorfo
Westley,78,M,false,2.03,99.29,Endomorfo
Maurie,102,M,true,1.3,236.76,Endomorfo
Harriet,71,F,true,1.85,243.28,Mesomorfo
Jaimie,68,M,false,1.3,204.59,Mesomorfo
Wynne,20,F,true,1.73,237.95,Mesomorfo
Daron,48,M,false,1.48,91.68,Ectomorfo
Anna,28,F,false,1.7,206.73,Ectomorfo
Nikkie,55,F,false,2.03,65.25,Endomorfo
Benson,105,M,true,1.53,59.9,Ectomorfo
Waiter,46,M,false,1.33,204.71,Endomorfo
Rory,65,F,false,1.38,142.48,Ectomorfo
Cornelia,88,F,false,1.4,152.65,Endomorfo
Georgetta,59,F,false,1.54,123.17,Mesomorfo
Marita,92,F,false,1.44,237.75,Ectomorfo
Kelbee,71,M,true,1.87,176.26,Endomorfo
Nero,67,M,true,1.88,116.13,Endomorfo
Britta,43,F,true,1.95,120.78,Mesomorfo
Lazare,50,M,true,1.85,129.5,Endomorfo
Bobby,51,M,true,2.06,160.27,Ectomorfo
Tate,44,F,false,1.97,122.65,Ectomorfo
Wilfrid,94,M,true,1.36,83.13,Ectomorfo
Carlin,69,F,true,1.68,130.63,Ectomorfo
Josepha,40,F,true,1.59,128.57,Ectomorfo
Hyatt,78,M,true,1.34,104.27,Mesomorfo
Roselia,32,F,false,1.37,31.63,Ectomorfo
Goldie,52,F,false,1.6,134.85,Mesomorfo
Adi,30,F,true,1.6,113.34,Endomorfo
Camala,39,F,true,2.07,69.55,Ectomorfo
Dar,65,M,false,1.99,149.04,Endomorfo
Isa,40,M,true,1.83,134.75,Mesomorfo
Dorey,86,F,true,1.49,142.54,Mesomorfo
Joli,66,F,false,2.04,46.07,Ectomorfo
Craggy,87,M,true,1.9,128.15,Ectomorfo
Blisse,38,F,true,1.7,82.06,Mesomorfo
Nathalie,52,F,false,2.0,46.15,Mesomorfo
Jeanne,107,F,true,1.96,38.08,Ectomorfo
Grange,99,M,false,1.49,176.12,Mesomorfo
Hershel,54,M,false,1.51,153.99,Ectomorfo
Lemar,54,M,false,1.44,115.44,Ectomorfo
Dory,74,M,true,2.07,99.75,Endomorfo
Olivie,109,F,true,2.09,53.13,Ectomorfo
Caryl,15,M,true,1.41,188.87,Ectomorfo
Rutledge,90,M,false,1.72,158.53,Mesomorfo
Rayner,57,M,false,1.9,205.59,Ectomorfo
Bogart,74,M,false,1.57,71.24,Endomorfo
Maegan,33,F,true,1.41,82.24,Mesomorfo
Constantina,99,F,false,1.91,240.45,Endomorfo
Granthem,38,M,false,1.98,166.48,Mesomorfo
Nalani,40,F,true,1.54,191.92,Ectomorfo
Emmeline,53,F,false,1.92,125.82,Endomorfo
Maximilianus,15,M,false,1.45,138.78,Ectomorfo
Ilyse,41,F,false,1.51,75.92,Endomorfo
Doe,88,F,false,1.8,67.34,Endomorfo
Reider,81,M,true,1.62,177.6,Endomorfo
Marchall,21,M,true,1.36,122.39,Ectomorfo
Ari,34,M,false,1.62,226.71,Mesomorfo
Norrie,91,F,false,1.91,174.94,Mesomorfo
Jordan,30,M,true,1.38,140.43,Ectomorfo
Evin,82,M,true,1.98,90.16,Ectomorfo
Kearney,69,M,true,1.32,59.79,Mesomorfo
Robbie,95,M,true,1.99,67.58,Endomorfo
Natal,23,M,true,1.31,158.79,Mesomorfo
Marcello,49,M,false,1.56,206.44,Ectomorfo
Kale,110,M,true,1.67,60.25,Ectomorfo
Willie,83,M,true,1.81,206.48,Endomorfo
Matias,36,M,true,1.38,218.36,Mesomorfo
Bette-ann,50,F,false,2.02,155.55,Mesomorfo
Philippine,80,F,true,1.56,78.28,Ectomorfo
Karim,45,M,true,1.89,39.2,Mesomorfo
Philipa,19,F,false,1.9,216.12,Mesomorfo
Reese,87,M,false,2.1,44.27,Ectomorfo
Auberon,26,M,false,1.34,144.86,Endomorfo
Lia,20,F,false,1.88,148.9,Endomorfo
Erroll,38,M,true,2.01,249.72,Ectomorfo
